subproblem_id,stage_id,timepoint,period,number_of_hours_in_timepoint,timepoint_weight,previous_stage_timepoint_map,spinup_or_lookahead,linked_timepoint,month,hour_of_day,timestamp,horizon_year
1,1,2030001,2030,24,1,,0,,4,1,01-04-2029 00:00,2030
1,1,2030002,2030,24,1,,0,,4,1,02-04-2029 00:00,2030
1,1,2030003,2030,24,1,,0,,4,1,03-04-2029 00:00,2030
1,1,2030004,2030,24,1,,0,,4,1,04-04-2029 00:00,2030
1,1,2030005,2030,24,1,,0,,4,1,05-04-2029 00:00,2030
1,1,2030006,2030,24,1,,0,,4,1,06-04-2029 00:00,2030
1,1,2030007,2030,24,1,,0,,4,1,07-04-2029 00:00,2030
1,1,2030008,2030,24,1,,0,,4,1,08-04-2029 00:00,2030
1,1,2030009,2030,24,1,,0,,4,1,09-04-2029 00:00,2030
1,1,2030010,2030,24,1,,0,,4,1,10-04-2029 00:00,2030
1,1,2030011,2030,24,1,,0,,4,1,11-04-2029 00:00,2030
1,1,2030012,2030,24,1,,0,,4,1,12-04-2029 00:00,2030
1,1,2030013,2030,24,1,,0,,4,1,13-04-2029 00:00,2030
1,1,2030014,2030,24,1,,0,,4,1,14-04-2029 00:00,2030
1,1,2030015,2030,24,1,,0,,4,1,15-04-2029 00:00,2030
1,1,2030016,2030,24,1,,0,,4,1,16-04-2029 00:00,2030
1,1,2030017,2030,24,1,,0,,4,1,17-04-2029 00:00,2030
1,1,2030018,2030,24,1,,0,,4,1,18-04-2029 00:00,2030
1,1,2030019,2030,24,1,,0,,4,1,19-04-2029 00:00,2030
1,1,2030020,2030,24,1,,0,,4,1,20-04-2029 00:00,2030
1,1,2030021,2030,24,1,,0,,4,1,21-04-2029 00:00,2030
1,1,2030022,2030,24,1,,0,,4,1,22-04-2029 00:00,2030
1,1,2030023,2030,24,1,,0,,4,1,23-04-2029 00:00,2030
1,1,2030024,2030,24,1,,0,,4,1,24-04-2029 00:00,2030
1,1,2030025,2030,24,1,,0,,4,1,25-04-2029 00:00,2030
1,1,2030026,2030,24,1,,0,,4,1,26-04-2029 00:00,2030
1,1,2030027,2030,24,1,,0,,4,1,27-04-2029 00:00,2030
1,1,2030028,2030,24,1,,0,,4,1,28-04-2029 00:00,2030
1,1,2030029,2030,24,1,,0,,4,1,29-04-2029 00:00,2030
1,1,2030030,2030,24,1,,0,,4,1,30-04-2029 00:00,2030
1,1,2030031,2030,24,1,,0,,5,1,01-05-2029 00:00,2030
1,1,2030032,2030,24,1,,0,,5,1,02-05-2029 00:00,2030
1,1,2030033,2030,24,1,,0,,5,1,03-05-2029 00:00,2030
1,1,2030034,2030,24,1,,0,,5,1,04-05-2029 00:00,2030
1,1,2030035,2030,24,1,,0,,5,1,05-05-2029 00:00,2030
1,1,2030036,2030,24,1,,0,,5,1,06-05-2029 00:00,2030
1,1,2030037,2030,24,1,,0,,5,1,07-05-2029 00:00,2030
1,1,2030038,2030,24,1,,0,,5,1,08-05-2029 00:00,2030
1,1,2030039,2030,24,1,,0,,5,1,09-05-2029 00:00,2030
1,1,2030040,2030,24,1,,0,,5,1,10-05-2029 00:00,2030
1,1,2030041,2030,24,1,,0,,5,1,11-05-2029 00:00,2030
1,1,2030042,2030,24,1,,0,,5,1,12-05-2029 00:00,2030
1,1,2030043,2030,24,1,,0,,5,1,13-05-2029 00:00,2030
1,1,2030044,2030,24,1,,0,,5,1,14-05-2029 00:00,2030
1,1,2030045,2030,24,1,,0,,5,1,15-05-2029 00:00,2030
1,1,2030046,2030,24,1,,0,,5,1,16-05-2029 00:00,2030
1,1,2030047,2030,24,1,,0,,5,1,17-05-2029 00:00,2030
1,1,2030048,2030,24,1,,0,,5,1,18-05-2029 00:00,2030
1,1,2030049,2030,24,1,,0,,5,1,19-05-2029 00:00,2030
1,1,2030050,2030,24,1,,0,,5,1,20-05-2029 00:00,2030
1,1,2030051,2030,24,1,,0,,5,1,21-05-2029 00:00,2030
1,1,2030052,2030,24,1,,0,,5,1,22-05-2029 00:00,2030
1,1,2030053,2030,24,1,,0,,5,1,23-05-2029 00:00,2030
1,1,2030054,2030,24,1,,0,,5,1,24-05-2029 00:00,2030
1,1,2030055,2030,24,1,,0,,5,1,25-05-2029 00:00,2030
1,1,2030056,2030,24,1,,0,,5,1,26-05-2029 00:00,2030
1,1,2030057,2030,24,1,,0,,5,1,27-05-2029 00:00,2030
1,1,2030058,2030,24,1,,0,,5,1,28-05-2029 00:00,2030
1,1,2030059,2030,24,1,,0,,5,1,29-05-2029 00:00,2030
1,1,2030060,2030,24,1,,0,,5,1,30-05-2029 00:00,2030
1,1,2030061,2030,24,1,,0,,5,1,31-05-2029 00:00,2030
1,1,2030062,2030,24,1,,0,,6,1,01-06-2029 00:00,2030
1,1,2030063,2030,24,1,,0,,6,1,02-06-2029 00:00,2030
1,1,2030064,2030,24,1,,0,,6,1,03-06-2029 00:00,2030
1,1,2030065,2030,24,1,,0,,6,1,04-06-2029 00:00,2030
1,1,2030066,2030,24,1,,0,,6,1,05-06-2029 00:00,2030
1,1,2030067,2030,24,1,,0,,6,1,06-06-2029 00:00,2030
1,1,2030068,2030,24,1,,0,,6,1,07-06-2029 00:00,2030
1,1,2030069,2030,24,1,,0,,6,1,08-06-2029 00:00,2030
1,1,2030070,2030,24,1,,0,,6,1,09-06-2029 00:00,2030
1,1,2030071,2030,24,1,,0,,6,1,10-06-2029 00:00,2030
1,1,2030072,2030,24,1,,0,,6,1,11-06-2029 00:00,2030
1,1,2030073,2030,24,1,,0,,6,1,12-06-2029 00:00,2030
1,1,2030074,2030,24,1,,0,,6,1,13-06-2029 00:00,2030
1,1,2030075,2030,24,1,,0,,6,1,14-06-2029 00:00,2030
1,1,2030076,2030,24,1,,0,,6,1,15-06-2029 00:00,2030
1,1,2030077,2030,24,1,,0,,6,1,16-06-2029 00:00,2030
1,1,2030078,2030,24,1,,0,,6,1,17-06-2029 00:00,2030
1,1,2030079,2030,24,1,,0,,6,1,18-06-2029 00:00,2030
1,1,2030080,2030,24,1,,0,,6,1,19-06-2029 00:00,2030
1,1,2030081,2030,24,1,,0,,6,1,20-06-2029 00:00,2030
1,1,2030082,2030,24,1,,0,,6,1,21-06-2029 00:00,2030
1,1,2030083,2030,24,1,,0,,6,1,22-06-2029 00:00,2030
1,1,2030084,2030,24,1,,0,,6,1,23-06-2029 00:00,2030
1,1,2030085,2030,24,1,,0,,6,1,24-06-2029 00:00,2030
1,1,2030086,2030,24,1,,0,,6,1,25-06-2029 00:00,2030
1,1,2030087,2030,24,1,,0,,6,1,26-06-2029 00:00,2030
1,1,2030088,2030,24,1,,0,,6,1,27-06-2029 00:00,2030
1,1,2030089,2030,24,1,,0,,6,1,28-06-2029 00:00,2030
1,1,2030090,2030,24,1,,0,,6,1,29-06-2029 00:00,2030
1,1,2030091,2030,24,1,,0,,6,1,30-06-2029 00:00,2030
1,1,2030092,2030,24,1,,0,,7,1,01-07-2029 00:00,2030
1,1,2030093,2030,24,1,,0,,7,1,02-07-2029 00:00,2030
1,1,2030094,2030,24,1,,0,,7,1,03-07-2029 00:00,2030
1,1,2030095,2030,24,1,,0,,7,1,04-07-2029 00:00,2030
1,1,2030096,2030,24,1,,0,,7,1,05-07-2029 00:00,2030
1,1,2030097,2030,24,1,,0,,7,1,06-07-2029 00:00,2030
1,1,2030098,2030,24,1,,0,,7,1,07-07-2029 00:00,2030
1,1,2030099,2030,24,1,,0,,7,1,08-07-2029 00:00,2030
1,1,2030100,2030,24,1,,0,,7,1,09-07-2029 00:00,2030
1,1,2030101,2030,24,1,,0,,7,1,10-07-2029 00:00,2030
1,1,2030102,2030,24,1,,0,,7,1,11-07-2029 00:00,2030
1,1,2030103,2030,24,1,,0,,7,1,12-07-2029 00:00,2030
1,1,2030104,2030,24,1,,0,,7,1,13-07-2029 00:00,2030
1,1,2030105,2030,24,1,,0,,7,1,14-07-2029 00:00,2030
1,1,2030106,2030,24,1,,0,,7,1,15-07-2029 00:00,2030
1,1,2030107,2030,24,1,,0,,7,1,16-07-2029 00:00,2030
1,1,2030108,2030,24,1,,0,,7,1,17-07-2029 00:00,2030
1,1,2030109,2030,24,1,,0,,7,1,18-07-2029 00:00,2030
1,1,2030110,2030,24,1,,0,,7,1,19-07-2029 00:00,2030
1,1,2030111,2030,24,1,,0,,7,1,20-07-2029 00:00,2030
1,1,2030112,2030,24,1,,0,,7,1,21-07-2029 00:00,2030
1,1,2030113,2030,24,1,,0,,7,1,22-07-2029 00:00,2030
1,1,2030114,2030,24,1,,0,,7,1,23-07-2029 00:00,2030
1,1,2030115,2030,24,1,,0,,7,1,24-07-2029 00:00,2030
1,1,2030116,2030,24,1,,0,,7,1,25-07-2029 00:00,2030
1,1,2030117,2030,24,1,,0,,7,1,26-07-2029 00:00,2030
1,1,2030118,2030,24,1,,0,,7,1,27-07-2029 00:00,2030
1,1,2030119,2030,24,1,,0,,7,1,28-07-2029 00:00,2030
1,1,2030120,2030,24,1,,0,,7,1,29-07-2029 00:00,2030
1,1,2030121,2030,24,1,,0,,7,1,30-07-2029 00:00,2030
1,1,2030122,2030,24,1,,0,,7,1,31-07-2029 00:00,2030
1,1,2030123,2030,24,1,,0,,8,1,01-08-2029 00:00,2030
1,1,2030124,2030,24,1,,0,,8,1,02-08-2029 00:00,2030
1,1,2030125,2030,24,1,,0,,8,1,03-08-2029 00:00,2030
1,1,2030126,2030,24,1,,0,,8,1,04-08-2029 00:00,2030
1,1,2030127,2030,24,1,,0,,8,1,05-08-2029 00:00,2030
1,1,2030128,2030,24,1,,0,,8,1,06-08-2029 00:00,2030
1,1,2030129,2030,24,1,,0,,8,1,07-08-2029 00:00,2030
1,1,2030130,2030,24,1,,0,,8,1,08-08-2029 00:00,2030
1,1,2030131,2030,24,1,,0,,8,1,09-08-2029 00:00,2030
1,1,2030132,2030,24,1,,0,,8,1,10-08-2029 00:00,2030
1,1,2030133,2030,24,1,,0,,8,1,11-08-2029 00:00,2030
1,1,2030134,2030,24,1,,0,,8,1,12-08-2029 00:00,2030
1,1,2030135,2030,24,1,,0,,8,1,13-08-2029 00:00,2030
1,1,2030136,2030,24,1,,0,,8,1,14-08-2029 00:00,2030
1,1,2030137,2030,24,1,,0,,8,1,15-08-2029 00:00,2030
1,1,2030138,2030,24,1,,0,,8,1,16-08-2029 00:00,2030
1,1,2030139,2030,24,1,,0,,8,1,17-08-2029 00:00,2030
1,1,2030140,2030,24,1,,0,,8,1,18-08-2029 00:00,2030
1,1,2030141,2030,24,1,,0,,8,1,19-08-2029 00:00,2030
1,1,2030142,2030,24,1,,0,,8,1,20-08-2029 00:00,2030
1,1,2030143,2030,24,1,,0,,8,1,21-08-2029 00:00,2030
1,1,2030144,2030,24,1,,0,,8,1,22-08-2029 00:00,2030
1,1,2030145,2030,24,1,,0,,8,1,23-08-2029 00:00,2030
1,1,2030146,2030,24,1,,0,,8,1,24-08-2029 00:00,2030
1,1,2030147,2030,24,1,,0,,8,1,25-08-2029 00:00,2030
1,1,2030148,2030,24,1,,0,,8,1,26-08-2029 00:00,2030
1,1,2030149,2030,24,1,,0,,8,1,27-08-2029 00:00,2030
1,1,2030150,2030,24,1,,0,,8,1,28-08-2029 00:00,2030
1,1,2030151,2030,24,1,,0,,8,1,29-08-2029 00:00,2030
1,1,2030152,2030,24,1,,0,,8,1,30-08-2029 00:00,2030
1,1,2030153,2030,24,1,,0,,8,1,31-08-2029 00:00,2030
1,1,2030154,2030,24,1,,0,,9,1,01-09-2029 00:00,2030
1,1,2030155,2030,24,1,,0,,9,1,02-09-2029 00:00,2030
1,1,2030156,2030,24,1,,0,,9,1,03-09-2029 00:00,2030
1,1,2030157,2030,24,1,,0,,9,1,04-09-2029 00:00,2030
1,1,2030158,2030,24,1,,0,,9,1,05-09-2029 00:00,2030
1,1,2030159,2030,24,1,,0,,9,1,06-09-2029 00:00,2030
1,1,2030160,2030,24,1,,0,,9,1,07-09-2029 00:00,2030
1,1,2030161,2030,24,1,,0,,9,1,08-09-2029 00:00,2030
1,1,2030162,2030,24,1,,0,,9,1,09-09-2029 00:00,2030
1,1,2030163,2030,24,1,,0,,9,1,10-09-2029 00:00,2030
1,1,2030164,2030,24,1,,0,,9,1,11-09-2029 00:00,2030
1,1,2030165,2030,24,1,,0,,9,1,12-09-2029 00:00,2030
1,1,2030166,2030,24,1,,0,,9,1,13-09-2029 00:00,2030
1,1,2030167,2030,24,1,,0,,9,1,14-09-2029 00:00,2030
1,1,2030168,2030,24,1,,0,,9,1,15-09-2029 00:00,2030
1,1,2030169,2030,24,1,,0,,9,1,16-09-2029 00:00,2030
1,1,2030170,2030,24,1,,0,,9,1,17-09-2029 00:00,2030
1,1,2030171,2030,24,1,,0,,9,1,18-09-2029 00:00,2030
1,1,2030172,2030,24,1,,0,,9,1,19-09-2029 00:00,2030
1,1,2030173,2030,24,1,,0,,9,1,20-09-2029 00:00,2030
1,1,2030174,2030,24,1,,0,,9,1,21-09-2029 00:00,2030
1,1,2030175,2030,24,1,,0,,9,1,22-09-2029 00:00,2030
1,1,2030176,2030,24,1,,0,,9,1,23-09-2029 00:00,2030
1,1,2030177,2030,24,1,,0,,9,1,24-09-2029 00:00,2030
1,1,2030178,2030,24,1,,0,,9,1,25-09-2029 00:00,2030
1,1,2030179,2030,24,1,,0,,9,1,26-09-2029 00:00,2030
1,1,2030180,2030,24,1,,0,,9,1,27-09-2029 00:00,2030
1,1,2030181,2030,24,1,,0,,9,1,28-09-2029 00:00,2030
1,1,2030182,2030,24,1,,0,,9,1,29-09-2029 00:00,2030
1,1,2030183,2030,24,1,,0,,9,1,30-09-2029 00:00,2030
1,1,2030184,2030,24,1,,0,,10,1,01-10-2029 00:00,2030
1,1,2030185,2030,24,1,,0,,10,1,02-10-2029 00:00,2030
1,1,2030186,2030,24,1,,0,,10,1,03-10-2029 00:00,2030
1,1,2030187,2030,24,1,,0,,10,1,04-10-2029 00:00,2030
1,1,2030188,2030,24,1,,0,,10,1,05-10-2029 00:00,2030
1,1,2030189,2030,24,1,,0,,10,1,06-10-2029 00:00,2030
1,1,2030190,2030,24,1,,0,,10,1,07-10-2029 00:00,2030
1,1,2030191,2030,24,1,,0,,10,1,08-10-2029 00:00,2030
1,1,2030192,2030,24,1,,0,,10,1,09-10-2029 00:00,2030
1,1,2030193,2030,24,1,,0,,10,1,10-10-2029 00:00,2030
1,1,2030194,2030,24,1,,0,,10,1,11-10-2029 00:00,2030
1,1,2030195,2030,24,1,,0,,10,1,12-10-2029 00:00,2030
1,1,2030196,2030,24,1,,0,,10,1,13-10-2029 00:00,2030
1,1,2030197,2030,24,1,,0,,10,1,14-10-2029 00:00,2030
1,1,2030198,2030,24,1,,0,,10,1,15-10-2029 00:00,2030
1,1,2030199,2030,24,1,,0,,10,1,16-10-2029 00:00,2030
1,1,2030200,2030,24,1,,0,,10,1,17-10-2029 00:00,2030
1,1,2030201,2030,24,1,,0,,10,1,18-10-2029 00:00,2030
1,1,2030202,2030,24,1,,0,,10,1,19-10-2029 00:00,2030
1,1,2030203,2030,24,1,,0,,10,1,20-10-2029 00:00,2030
1,1,2030204,2030,24,1,,0,,10,1,21-10-2029 00:00,2030
1,1,2030205,2030,24,1,,0,,10,1,22-10-2029 00:00,2030
1,1,2030206,2030,24,1,,0,,10,1,23-10-2029 00:00,2030
1,1,2030207,2030,24,1,,0,,10,1,24-10-2029 00:00,2030
1,1,2030208,2030,24,1,,0,,10,1,25-10-2029 00:00,2030
1,1,2030209,2030,24,1,,0,,10,1,26-10-2029 00:00,2030
1,1,2030210,2030,24,1,,0,,10,1,27-10-2029 00:00,2030
1,1,2030211,2030,24,1,,0,,10,1,28-10-2029 00:00,2030
1,1,2030212,2030,24,1,,0,,10,1,29-10-2029 00:00,2030
1,1,2030213,2030,24,1,,0,,10,1,30-10-2029 00:00,2030
1,1,2030214,2030,24,1,,0,,10,1,31-10-2029 00:00,2030
1,1,2030215,2030,24,1,,0,,11,1,01-11-2029 00:00,2030
1,1,2030216,2030,24,1,,0,,11,1,02-11-2029 00:00,2030
1,1,2030217,2030,24,1,,0,,11,1,03-11-2029 00:00,2030
1,1,2030218,2030,24,1,,0,,11,1,04-11-2029 00:00,2030
1,1,2030219,2030,24,1,,0,,11,1,05-11-2029 00:00,2030
1,1,2030220,2030,24,1,,0,,11,1,06-11-2029 00:00,2030
1,1,2030221,2030,24,1,,0,,11,1,07-11-2029 00:00,2030
1,1,2030222,2030,24,1,,0,,11,1,08-11-2029 00:00,2030
1,1,2030223,2030,24,1,,0,,11,1,09-11-2029 00:00,2030
1,1,2030224,2030,24,1,,0,,11,1,10-11-2029 00:00,2030
1,1,2030225,2030,24,1,,0,,11,1,11-11-2029 00:00,2030
1,1,2030226,2030,24,1,,0,,11,1,12-11-2029 00:00,2030
1,1,2030227,2030,24,1,,0,,11,1,13-11-2029 00:00,2030
1,1,2030228,2030,24,1,,0,,11,1,14-11-2029 00:00,2030
1,1,2030229,2030,24,1,,0,,11,1,15-11-2029 00:00,2030
1,1,2030230,2030,24,1,,0,,11,1,16-11-2029 00:00,2030
1,1,2030231,2030,24,1,,0,,11,1,17-11-2029 00:00,2030
1,1,2030232,2030,24,1,,0,,11,1,18-11-2029 00:00,2030
1,1,2030233,2030,24,1,,0,,11,1,19-11-2029 00:00,2030
1,1,2030234,2030,24,1,,0,,11,1,20-11-2029 00:00,2030
1,1,2030235,2030,24,1,,0,,11,1,21-11-2029 00:00,2030
1,1,2030236,2030,24,1,,0,,11,1,22-11-2029 00:00,2030
1,1,2030237,2030,24,1,,0,,11,1,23-11-2029 00:00,2030
1,1,2030238,2030,24,1,,0,,11,1,24-11-2029 00:00,2030
1,1,2030239,2030,24,1,,0,,11,1,25-11-2029 00:00,2030
1,1,2030240,2030,24,1,,0,,11,1,26-11-2029 00:00,2030
1,1,2030241,2030,24,1,,0,,11,1,27-11-2029 00:00,2030
1,1,2030242,2030,24,1,,0,,11,1,28-11-2029 00:00,2030
1,1,2030243,2030,24,1,,0,,11,1,29-11-2029 00:00,2030
1,1,2030244,2030,24,1,,0,,11,1,30-11-2029 00:00,2030
1,1,2030245,2030,24,1,,0,,12,1,01-12-2029 00:00,2030
1,1,2030246,2030,24,1,,0,,12,1,02-12-2029 00:00,2030
1,1,2030247,2030,24,1,,0,,12,1,03-12-2029 00:00,2030
1,1,2030248,2030,24,1,,0,,12,1,04-12-2029 00:00,2030
1,1,2030249,2030,24,1,,0,,12,1,05-12-2029 00:00,2030
1,1,2030250,2030,24,1,,0,,12,1,06-12-2029 00:00,2030
1,1,2030251,2030,24,1,,0,,12,1,07-12-2029 00:00,2030
1,1,2030252,2030,24,1,,0,,12,1,08-12-2029 00:00,2030
1,1,2030253,2030,24,1,,0,,12,1,09-12-2029 00:00,2030
1,1,2030254,2030,24,1,,0,,12,1,10-12-2029 00:00,2030
1,1,2030255,2030,24,1,,0,,12,1,11-12-2029 00:00,2030
1,1,2030256,2030,24,1,,0,,12,1,12-12-2029 00:00,2030
1,1,2030257,2030,24,1,,0,,12,1,13-12-2029 00:00,2030
1,1,2030258,2030,24,1,,0,,12,1,14-12-2029 00:00,2030
1,1,2030259,2030,24,1,,0,,12,1,15-12-2029 00:00,2030
1,1,2030260,2030,24,1,,0,,12,1,16-12-2029 00:00,2030
1,1,2030261,2030,24,1,,0,,12,1,17-12-2029 00:00,2030
1,1,2030262,2030,24,1,,0,,12,1,18-12-2029 00:00,2030
1,1,2030263,2030,24,1,,0,,12,1,19-12-2029 00:00,2030
1,1,2030264,2030,24,1,,0,,12,1,20-12-2029 00:00,2030
1,1,2030265,2030,24,1,,0,,12,1,21-12-2029 00:00,2030
1,1,2030266,2030,24,1,,0,,12,1,22-12-2029 00:00,2030
1,1,2030267,2030,24,1,,0,,12,1,23-12-2029 00:00,2030
1,1,2030268,2030,24,1,,0,,12,1,24-12-2029 00:00,2030
1,1,2030269,2030,24,1,,0,,12,1,25-12-2029 00:00,2030
1,1,2030270,2030,24,1,,0,,12,1,26-12-2029 00:00,2030
1,1,2030271,2030,24,1,,0,,12,1,27-12-2029 00:00,2030
1,1,2030272,2030,24,1,,0,,12,1,28-12-2029 00:00,2030
1,1,2030273,2030,24,1,,0,,12,1,29-12-2029 00:00,2030
1,1,2030274,2030,24,1,,0,,12,1,30-12-2029 00:00,2030
1,1,2030275,2030,24,1,,0,,12,1,31-12-2029 00:00,2030
1,1,2030276,2030,24,1,,0,,1,1,01-01-2030 00:00,2030
1,1,2030277,2030,24,1,,0,,1,1,02-01-2030 00:00,2030
1,1,2030278,2030,24,1,,0,,1,1,03-01-2030 00:00,2030
1,1,2030279,2030,24,1,,0,,1,1,04-01-2030 00:00,2030
1,1,2030280,2030,24,1,,0,,1,1,05-01-2030 00:00,2030
1,1,2030281,2030,24,1,,0,,1,1,06-01-2030 00:00,2030
1,1,2030282,2030,24,1,,0,,1,1,07-01-2030 00:00,2030
1,1,2030283,2030,24,1,,0,,1,1,08-01-2030 00:00,2030
1,1,2030284,2030,24,1,,0,,1,1,09-01-2030 00:00,2030
1,1,2030285,2030,24,1,,0,,1,1,10-01-2030 00:00,2030
1,1,2030286,2030,24,1,,0,,1,1,11-01-2030 00:00,2030
1,1,2030287,2030,24,1,,0,,1,1,12-01-2030 00:00,2030
1,1,2030288,2030,24,1,,0,,1,1,13-01-2030 00:00,2030
1,1,2030289,2030,24,1,,0,,1,1,14-01-2030 00:00,2030
1,1,2030290,2030,24,1,,0,,1,1,15-01-2030 00:00,2030
1,1,2030291,2030,24,1,,0,,1,1,16-01-2030 00:00,2030
1,1,2030292,2030,24,1,,0,,1,1,17-01-2030 00:00,2030
1,1,2030293,2030,24,1,,0,,1,1,18-01-2030 00:00,2030
1,1,2030294,2030,24,1,,0,,1,1,19-01-2030 00:00,2030
1,1,2030295,2030,24,1,,0,,1,1,20-01-2030 00:00,2030
1,1,2030296,2030,24,1,,0,,1,1,21-01-2030 00:00,2030
1,1,2030297,2030,24,1,,0,,1,1,22-01-2030 00:00,2030
1,1,2030298,2030,24,1,,0,,1,1,23-01-2030 00:00,2030
1,1,2030299,2030,24,1,,0,,1,1,24-01-2030 00:00,2030
1,1,2030300,2030,24,1,,0,,1,1,25-01-2030 00:00,2030
1,1,2030301,2030,24,1,,0,,1,1,26-01-2030 00:00,2030
1,1,2030302,2030,24,1,,0,,1,1,27-01-2030 00:00,2030
1,1,2030303,2030,24,1,,0,,1,1,28-01-2030 00:00,2030
1,1,2030304,2030,24,1,,0,,1,1,29-01-2030 00:00,2030
1,1,2030305,2030,24,1,,0,,1,1,30-01-2030 00:00,2030
1,1,2030306,2030,24,1,,0,,1,1,31-01-2030 00:00,2030
1,1,2030307,2030,24,1,,0,,2,1,01-02-2030 00:00,2030
1,1,2030308,2030,24,1,,0,,2,1,02-02-2030 00:00,2030
1,1,2030309,2030,24,1,,0,,2,1,03-02-2030 00:00,2030
1,1,2030310,2030,24,1,,0,,2,1,04-02-2030 00:00,2030
1,1,2030311,2030,24,1,,0,,2,1,05-02-2030 00:00,2030
1,1,2030312,2030,24,1,,0,,2,1,06-02-2030 00:00,2030
1,1,2030313,2030,24,1,,0,,2,1,07-02-2030 00:00,2030
1,1,2030314,2030,24,1,,0,,2,1,08-02-2030 00:00,2030
1,1,2030315,2030,24,1,,0,,2,1,09-02-2030 00:00,2030
1,1,2030316,2030,24,1,,0,,2,1,10-02-2030 00:00,2030
1,1,2030317,2030,24,1,,0,,2,1,11-02-2030 00:00,2030
1,1,2030318,2030,24,1,,0,,2,1,12-02-2030 00:00,2030
1,1,2030319,2030,24,1,,0,,2,1,13-02-2030 00:00,2030
1,1,2030320,2030,24,1,,0,,2,1,14-02-2030 00:00,2030
1,1,2030321,2030,24,1,,0,,2,1,15-02-2030 00:00,2030
1,1,2030322,2030,24,1,,0,,2,1,16-02-2030 00:00,2030
1,1,2030323,2030,24,1,,0,,2,1,17-02-2030 00:00,2030
1,1,2030324,2030,24,1,,0,,2,1,18-02-2030 00:00,2030
1,1,2030325,2030,24,1,,0,,2,1,19-02-2030 00:00,2030
1,1,2030326,2030,24,1,,0,,2,1,20-02-2030 00:00,2030
1,1,2030327,2030,24,1,,0,,2,1,21-02-2030 00:00,2030
1,1,2030328,2030,24,1,,0,,2,1,22-02-2030 00:00,2030
1,1,2030329,2030,24,1,,0,,2,1,23-02-2030 00:00,2030
1,1,2030330,2030,24,1,,0,,2,1,24-02-2030 00:00,2030
1,1,2030331,2030,24,1,,0,,2,1,25-02-2030 00:00,2030
1,1,2030332,2030,24,1,,0,,2,1,26-02-2030 00:00,2030
1,1,2030333,2030,24,1,,0,,2,1,27-02-2030 00:00,2030
1,1,2030334,2030,24,1,,0,,2,1,28-02-2030 00:00,2030
1,1,2030335,2030,24,1,,0,,3,1,01-03-2030 00:00,2030
1,1,2030336,2030,24,1,,0,,3,1,02-03-2030 00:00,2030
1,1,2030337,2030,24,1,,0,,3,1,03-03-2030 00:00,2030
1,1,2030338,2030,24,1,,0,,3,1,04-03-2030 00:00,2030
1,1,2030339,2030,24,1,,0,,3,1,05-03-2030 00:00,2030
1,1,2030340,2030,24,1,,0,,3,1,06-03-2030 00:00,2030
1,1,2030341,2030,24,1,,0,,3,1,07-03-2030 00:00,2030
1,1,2030342,2030,24,1,,0,,3,1,08-03-2030 00:00,2030
1,1,2030343,2030,24,1,,0,,3,1,09-03-2030 00:00,2030
1,1,2030344,2030,24,1,,0,,3,1,10-03-2030 00:00,2030
1,1,2030345,2030,24,1,,0,,3,1,11-03-2030 00:00,2030
1,1,2030346,2030,24,1,,0,,3,1,12-03-2030 00:00,2030
1,1,2030347,2030,24,1,,0,,3,1,13-03-2030 00:00,2030
1,1,2030348,2030,24,1,,0,,3,1,14-03-2030 00:00,2030
1,1,2030349,2030,24,1,,0,,3,1,15-03-2030 00:00,2030
1,1,2030350,2030,24,1,,0,,3,1,16-03-2030 00:00,2030
1,1,2030351,2030,24,1,,0,,3,1,17-03-2030 00:00,2030
1,1,2030352,2030,24,1,,0,,3,1,18-03-2030 00:00,2030
1,1,2030353,2030,24,1,,0,,3,1,19-03-2030 00:00,2030
1,1,2030354,2030,24,1,,0,,3,1,20-03-2030 00:00,2030
1,1,2030355,2030,24,1,,0,,3,1,21-03-2030 00:00,2030
1,1,2030356,2030,24,1,,0,,3,1,22-03-2030 00:00,2030
1,1,2030357,2030,24,1,,0,,3,1,23-03-2030 00:00,2030
1,1,2030358,2030,24,1,,0,,3,1,24-03-2030 00:00,2030
1,1,2030359,2030,24,1,,0,,3,1,25-03-2030 00:00,2030
1,1,2030360,2030,24,1,,0,,3,1,26-03-2030 00:00,2030
1,1,2030361,2030,24,1,,0,,3,1,27-03-2030 00:00,2030
1,1,2030362,2030,24,1,,0,,3,1,28-03-2030 00:00,2030
1,1,2030363,2030,24,1,,0,,3,1,29-03-2030 00:00,2030
1,1,2030364,2030,24,1,,0,,3,1,30-03-2030 00:00,2030
1,1,2030365,2030,24,1,,0,,3,1,31-03-2030 00:00,2030
